{"cameraMode":{"drawMode":0,"name":"Shaded","section":"Shading Mode"},"sceneLighting":true,"audioPlay":false,"sceneViewState":{"showFog":true,"showMaterialUpdate":true,"showSkybox":true,"showFlares":true,"showImageEffects":true,"showParticleSystems":true},"in2DMode":false,"pivot":{"x":-0.34064751863479617,"y":-5.500876426696777,"z":-9.552040100097657},"rotation":{"x":0.2514258623123169,"y":-0.014510433189570904,"z":0.0038108057342469694,"w":0.9677603244781494},"size":2.5039432048797609,"orthographic":false}